<?xml version="1.0" encoding="UTF-8"?>
<!DOCTYPE hibernate-configuration PUBLIC
		"-//Hibernate/Hibernate Configuration DTD 3.0//EN"
		"http://hibernate.sourceforge.net/hibernate-configuration-3.0.dtd">
<hibernate-configuration>
    <session-factory>
    	<property name="hibernate.connection.driver_class">com.mysql.jdbc.Driver</property>
		<property name="hibernate.connection.url">jdbc:mysql://localhost:3307/eBookPortal_db</property>
		<property name="hibernate.connection.username">root</property>
		<property name="hibernate.connection.password">root</property>

		<property name="hibernate.hbm2ddl.auto">update</property>
		<property name="hibernate.dialect">org.hibernate.dialect.MySQLDialect</property>
		<property name="hibernate.show_sql">true</property>
	
		<property name="hibernate.cache.use_second_level_cache">true</property>
		<property name="hibernate.cache.use_query_cache">true</property>
		<property name="hibernate.cache.region.factory_class">net.sf.ehcache.hibernate.EhCacheRegionFactory</property>
	<!-- 	<property name="net.sf.ehcache.configurationResourceName">/ehcache.xml</property> -->
		
 	 	<mapping class="com.ebookportal.spring.pojo.Admin" />
		<mapping class="com.ebookportal.spring.pojo.Book" />
		<mapping class="com.ebookportal.spring.pojo.Customer" />
		<mapping class="com.ebookportal.spring.pojo.Orders" />
		<mapping class="com.ebookportal.spring.pojo.User" />
		<mapping class="com.ebookportal.spring.pojo.Genre" />
		<mapping class="com.ebookportal.spring.pojo.OrderDetails"/>
		<!-- <mapping class="com.ebookportal.spring.pojo.Cart"/> -->
    </session-factory>
</hibernate-configuration>
